imageName,imageHeight,imageWidth,holeHeight,holeWidth,holeForm,holeArea
example_hole_0,900,1200,101,198,ELLIPSE,15706.39247162217
example_hole_1,900,1200,291,174,ELLIPSE,39767.850605466396
example_hole_2,900,1200,174,218,ELLIPSE,29791.723133992007
example_hole_3,900,1200,263,194,ELLIPSE,40072.5850928646
example_hole_4,900,1200,124,261,ELLIPSE,25418.626160195017
example_hole_5,900,1200,120,164,ELLIPSE,15456.635855661782
example_hole_6,900,1200,218,279,ELLIPSE,47769.4870941596
example_hole_7,900,1200,212,294,ELLIPSE,48952.29672823616
